[
    {
        "stepId": "STEP8",
        "stepName": "Submit Data: login.pl",
        "infFile": "t2.inf",
        "time": 1576416107846
    },
    {
        "stepId": "STEP9",
        "stepName": "Url: welcome.pl_2",
        "infFile": "t3.inf",
        "time": 1576416108157
    },
    {
        "stepId": "STEP10",
        "stepName": "Submit Data: reservations.pl",
        "infFile": "t4.inf",
        "time": 1576416108439
    },
    {
        "stepId": "STEP11",
        "stepName": "Submit Data: reservations.pl_2",
        "infFile": "t5.inf",
        "time": 1576416108541
    },
    {
        "stepId": "STEP12",
        "stepName": "Submit Data: reservations.pl_3",
        "infFile": "t6.inf",
        "time": 1576416108801
    },
    {
        "stepId": "STEP13",
        "stepName": "Url: Itinerary Button",
        "infFile": "t7.inf",
        "time": 1576416109138
    },
    {
        "stepId": "STEP14",
        "stepName": "Url: SignOff Button",
        "infFile": "t8.inf",
        "time": 1576416109462
    }
]