[
    {
        "transactionName": "Login",
        "rawStartTime": 1576416107588,
        "rawEndTime": 1576416107847
    },
    {
        "transactionName": "Select_flights",
        "rawStartTime": 1576416107960,
        "rawEndTime": 1576416108159
    },
    {
        "transactionName": "Filling_fields",
        "rawStartTime": 1576416108260,
        "rawEndTime": 1576416108543
    },
    {
        "transactionName": "Filling_payment_fields",
        "rawStartTime": 1576416108639,
        "rawEndTime": 1576416108802
    },
    {
        "transactionName": "Select_itinerary",
        "rawStartTime": 1576416108903,
        "rawEndTime": 1576416109139
    },
    {
        "transactionName": "select_sign_off",
        "rawStartTime": 1576416109237,
        "rawEndTime": 1576416109463
    },
    {
        "transactionName": "Flight_test",
        "rawStartTime": 1576416107525,
        "rawEndTime": 1576416109574
    }
]