[
    {
        "stepId": "STEP1",
        "stepName": "Submit Data: login.pl",
        "infFile": "t2.inf",
        "time": 1576416105435
    },
    {
        "stepId": "STEP2",
        "stepName": "Url: welcome.pl_2",
        "infFile": "t3.inf",
        "time": 1576416105764
    },
    {
        "stepId": "STEP3",
        "stepName": "Submit Data: reservations.pl",
        "infFile": "t4.inf",
        "time": 1576416106026
    },
    {
        "stepId": "STEP4",
        "stepName": "Submit Data: reservations.pl_2",
        "infFile": "t5.inf",
        "time": 1576416106131
    },
    {
        "stepId": "STEP5",
        "stepName": "Submit Data: reservations.pl_3",
        "infFile": "t6.inf",
        "time": 1576416106401
    },
    {
        "stepId": "STEP6",
        "stepName": "Url: Itinerary Button",
        "infFile": "t7.inf",
        "time": 1576416106720
    },
    {
        "stepId": "STEP7",
        "stepName": "Url: SignOff Button",
        "infFile": "t8.inf",
        "time": 1576416107069
    }
]