[
    {
        "transactionName": "Login",
        "rawStartTime": 1576416104919,
        "rawEndTime": 1576416105436
    },
    {
        "transactionName": "Select_flights",
        "rawStartTime": 1576416105545,
        "rawEndTime": 1576416105766
    },
    {
        "transactionName": "Filling_fields",
        "rawStartTime": 1576416105867,
        "rawEndTime": 1576416106132
    },
    {
        "transactionName": "Filling_payment_fields",
        "rawStartTime": 1576416106235,
        "rawEndTime": 1576416106403
    },
    {
        "transactionName": "Select_itinerary",
        "rawStartTime": 1576416106504,
        "rawEndTime": 1576416106722
    },
    {
        "transactionName": "select_sign_off",
        "rawStartTime": 1576416106820,
        "rawEndTime": 1576416107070
    },
    {
        "transactionName": "Flight_test",
        "rawStartTime": 1576416104864,
        "rawEndTime": 1576416107205
    }
]