[
    {
        "stepId": "STEP15",
        "stepName": "Submit Data: login.pl",
        "infFile": "t2.inf",
        "time": 1576416110133
    },
    {
        "stepId": "STEP16",
        "stepName": "Url: welcome.pl_2",
        "infFile": "t3.inf",
        "time": 1576416110446
    },
    {
        "stepId": "STEP17",
        "stepName": "Submit Data: reservations.pl",
        "infFile": "t4.inf",
        "time": 1576416110726
    },
    {
        "stepId": "STEP18",
        "stepName": "Submit Data: reservations.pl_2",
        "infFile": "t5.inf",
        "time": 1576416110830
    },
    {
        "stepId": "STEP19",
        "stepName": "Submit Data: reservations.pl_3",
        "infFile": "t6.inf",
        "time": 1576416111141
    },
    {
        "stepId": "STEP20",
        "stepName": "Url: Itinerary Button",
        "infFile": "t7.inf",
        "time": 1576416111468
    },
    {
        "stepId": "STEP21",
        "stepName": "Url: SignOff Button",
        "infFile": "t8.inf",
        "time": 1576416111790
    }
]