[
    {
        "transactionName": "Login",
        "rawStartTime": 1576416109904,
        "rawEndTime": 1576416110135
    },
    {
        "transactionName": "Select_flights",
        "rawStartTime": 1576416110243,
        "rawEndTime": 1576416110448
    },
    {
        "transactionName": "Filling_fields",
        "rawStartTime": 1576416110547,
        "rawEndTime": 1576416110832
    },
    {
        "transactionName": "Filling_payment_fields",
        "rawStartTime": 1576416110945,
        "rawEndTime": 1576416111143
    },
    {
        "transactionName": "Select_itinerary",
        "rawStartTime": 1576416111247,
        "rawEndTime": 1576416111469
    },
    {
        "transactionName": "select_sign_off",
        "rawStartTime": 1576416111569,
        "rawEndTime": 1576416111792
    },
    {
        "transactionName": "Flight_test",
        "rawStartTime": 1576416109850,
        "rawEndTime": 1576416111904
    }
]